Driver_name,Vehicle,Pickup_point,Destination,Booking_ID,Price,Status
Michael Lee,Hyundai Elantra,Las Pi単as,Makati,BOOK011,250.00,Successful
David Smith,Mitsubishi Outlander,Pasig,Taguig,BOOK012,306.00,Cancelled
Luz Fernandez,Honda Odyssey,Mandaluyong,Quezon City,BOOK013,374.00,Successful
Ryan Brown,Ford Explorer,San Juan,Manila,BOOK014,408.00,Successful
Sophia Garcia,Kia Carnival,Caloocan,Valenzuela,BOOK015,442.00,Cancelled
Mark Gonzales,Ford Transit,Makati,BGC,BOOK016,288.00,Successful
Linda Nguyen,Mercedes Sprinter,Pasay,Taguig,BOOK017,312.00,Cancelled
Juanita Lopez,Fiat Ducato,Alabang,Muntinlupa,BOOK018,273.00,Successful
Benjamin Reyes,Dodge Ram Van,Para単aque,Cubao,BOOK019,400.00,Cancelled
Sarah Thompson,GMC Savana,Makati,Ortigas,BOOK020,360.00,Successful
Ricardo Lim,Nissan Urvan,Las Pi単as,Pasig,BOOK021,440.00,Successful
Pedro Martinez,Honda CBR,Malabon,Navotas,BOOK022,108.00,Cancelled
Anthony Garcia,Suzuki GSX,Pasig,Ortigas,BOOK023,90.00,Successful
Ana Santos,Kawasaki Ninja,Cubao,San Juan,BOOK024,144.00,Cancelled
James Johnson,Ford Focus,Quezon City,Makati,BOOK025,325.00,Successful
Juan Dela Cruz,Toyota Corolla,BGC,Makati,BOOK026,180.00,Successful
Maria Santos,Honda Civic,Taguig,Caloocan,BOOK027,375.00,Cancelled
Emily Johnson,Nissan NV350,Makati,Las Pi単as,BOOK028,312.00,Successful
Ramon Santos,Ford Econoline,BGC,Taguig,BOOK029,200.00,Successful
Angela Brown,Chevrolet Express,Cubao,Manila,BOOK030,400.00,Cancelled
